Workbook

Sheet Results
A1: Copilot Studio Requirements-to-Backlog Agent: instruction versions compared
A2: Same ten synthetic UK banking and insurance test cases, one run per case, scored by hand by one person. Read as a baseline comparison, not a precise measurement.
A3: Legend: blue text = scores entered by hand. Caught = Yes / Partial / No / n/a (n/a = case has no conflict or gap to catch). Concrete criteria = Yes / No.
C5: v1 baseline | H5: v2 | L5: v3
A6: Case | B6: Description | C6: Missed requirements | D6: Invented requirements | E6: Acceptance criteria quality (1-5) | F6: Contradiction or gap caught | G6: Concrete criteria written | H6: Missed requirements | I6: Invented requirements | J6: Contradiction or gap caught | K6: Concrete criteria written | L6: Missed requirements | M6: Invented requirements | N6: Contradiction or gap caught | O6: Concrete criteria written
A7: 1 | B7: Update home address with one-time code (control) | C7: 0 | D7: 3 | E7: 4 | F7: n/a | G7: Yes | H7: 0 | I7: 0 | J7: n/a | K7: Yes | L7: 0 | M7: 0 | N7: n/a | O7: Yes
A8: 2 | B8: Online claims portal feels slow (vague) | C8: 0 | D8: 3 | E8: 3 | F8: Partial | G8: Yes | H8: 0 | I8: 0 | J8: Yes | K8: No | L8: 0 | M8: 0 | N8: Yes | O8: No
A9: 3 | B9: Instant Faster Payments vs manual fraud hold over GBP 1,000 (contradiction) | C9: 0 | D9: 1 | E9: 3 | F9: No | G9: Yes | H9: 0 | I9: 0 | J9: Yes | K9: No | L9: 0 | M9: 0 | N9: Yes | O9: No
A10: 4 | B10: The business wants a report (missing detail) | C10: 0 | D10: 1 | E10: 2 | F10: Yes | G10: Yes | H10: 0 | I10: 0 | J10: Yes | K10: No | L10: 0 | M10: 0 | N10: Yes | O10: No
A11: 5 | B11: Identify vulnerable customers for Consumer Duty (ambiguous) | C11: 0 | D11: 6 | E11: 3 | F11: No | G11: Yes | H11: 0 | I11: 0 | J11: Yes | K11: No | L11: 0 | M11: 0 | N11: Yes | O11: No
A12: 6 | B12: Statements: view, PDF, paper-free, text alert (compound) | C12: 0 | D12: 2 | E12: 4 | F12: n/a | G12: Yes | H12: 3 | I12: 0 | J12: n/a | K12: Yes | L12: 0 | M12: 0 | N12: n/a | O12: Yes
A13: 7 | B13: Dropdown with twelve options on mortgage form (solution as requirement) | C13: 0 | D13: 4 | E13: 3 | F13: No | G13: Yes | H13: 0 | I13: 0 | J13: Yes | K13: Yes | L13: 0 | M13: 0 | N13: Partial | O13: Yes
A14: 8 | B14: Operations auto-open vs Compliance identity checks (stakeholder conflict) | C14: 0 | D14: 1 | E14: 4 | F14: Partial | G14: Yes | H14: 0 | I14: 0 | J14: Yes | K14: No | L14: 0 | M14: 0 | N14: Yes | O14: No
A15: 9 | B15: Highly available and secure (non-functional, unmeasurable) | C15: 0 | D15: 6 | E15: 3 | F15: Partial | G15: Yes | H15: 0 | I15: 0 | J15: Yes | K15: No | L15: 0 | M15: 0 | N15: Yes | O15: No
A16: 10 | B16: Two-way integration claims tool and legacy policy system (missing detail) | C16: 0 | D16: 5 | E16: 3 | F16: Yes | G16: Yes | H16: 0 | I16: 0 | J16: Yes | K16: No | L16: 0 | M16: 0 | N16: Yes | O16: No
A17: Total / result | C17: =IF(COUNT(C7:C16)=0,"",SUM(C7:C16)) -> 0 | D17: =IF(COUNT(D7:D16)=0,"",SUM(D7:D16)) -> 32 | E17: =IFERROR(AVERAGE(E7:E16),"") -> 3.2 | F17: =IF(COUNTA(F7:F16)=0,"",COUNTIF(F7:F16,"Yes")&" of "&(COUNTA(F7:F16)-COUNTIF(F7:F16,"n/a"))) -> 2 of 8 | G17: =IF(COUNTA(G7:G16)=0,"",COUNTIF(G7:G16,"Yes")) -> 10 | H17: =IF(COUNT(H7:H16)=0,"",SUM(H7:H16)) -> 3 | I17: =IF(COUNT(I7:I16)=0,"",SUM(I7:I16)) -> 0 | J17: =IF(COUNTA(J7:J16)=0,"",COUNTIF(J7:J16,"Yes")&" of "&(COUNTA(J7:J16)-COUNTIF(J7:J16,"n/a"))) -> 8 of 8 | K17: =IF(COUNTA(K7:K16)=0,"",COUNTIF(K7:K16,"Yes")) -> 3 | L17: =IF(COUNT(L7:L16)=0,"",SUM(L7:L16)) -> 0 | M17: =IF(COUNT(M7:M16)=0,"",SUM(M7:M16)) -> 0 | N17: =IF(COUNTA(N7:N16)=0,"",COUNTIF(N7:N16,"Yes")&" of "&(COUNTA(N7:N16)-COUNTIF(N7:N16,"n/a"))) -> 7 of 8 | O17: =IF(COUNTA(O7:O16)=0,"",COUNTIF(O7:O16,"Yes")) -> 3

Sheet Summary
A1: Summary: v1 baseline vs v2 vs v3
A3: Measure | B3: v1 baseline | C3: v2 | D3: v3
A4: Missed requirements (10 cases) | B4: =Results!C17 -> 0 | C4: =Results!H17 -> 3 | D4: =Results!L17 -> 0
A5: Invented requirements (10 cases) | B5: =Results!D17 -> 32 | C5: =Results!I17 -> 0 | D5: =Results!M17 -> 0
A6: Conflicts and gaps caught, fully | B6: =Results!F17 -> 2 of 8 | C6: =Results!J17 -> 8 of 8 | D6: =Results!N17 -> 7 of 8
A7: Cases with concrete acceptance criteria (of 10) | B7: =Results!G17 -> 10 | C7: =Results!K17 -> 3 | D7: =Results!O17 -> 3
A8: Average acceptance criteria quality (1-5) | B8: =Results!E17 -> 3.2 | C8: n/a (not scored) | D8: n/a (not scored)
A10: Reading
A11: v1 never missed a requirement but invented detail (for example the full list of twelve employment statuses in case 7) and resolved conflicts silently.
A12: v2 stopped the invention and caught every conflict and gap, but overcorrected: in case 6 it dropped three clear requirements and wrote concrete criteria in only 3 of 10 cases.
A13: v3 added split-first and stopped a missing benefit from blocking a story. It fixed the case 6 regression (0 missed) and kept 0 invented. One small step back: in case 7 it asked what the twelve options are but not what need the dropdown meets (scored Partial).
A14: Caveats: one run per case, the agent's wording varies between runs, and one person scored by hand.

Sheet How I score
A1: Scoring definitions
A3: Missed requirements | B3: A stated requirement that has no story. A requirement deliberately held back because it depends on an unresolved conflict is deferred, not missed.
A4: Invented requirements | B4: A story or criterion that adds a number, rule, list or system the input never gave.
A5: Acceptance criteria quality (1-5) | B5: 1 = vague or untestable, 5 = specific and testable as written. Scored for v1 only.
A6: Contradiction or gap caught | B6: Yes = the agent explicitly names the conflict or gap and asks. Partial = flags part of it or resolves it itself. No = does not flag it. n/a = the case has no conflict or gap to catch.
A7: Concrete criteria written | B7: Yes = the output contains real acceptance criteria rather than only [TO CONFIRM] placeholders.
